<?xml version="1.0" encoding="UTF-8"?>
<!DOCTYPE hibernate-configuration PUBLIC 
      "-//Hibernate/Hibernate Configuration DTD 5.3//EN"
      "http://hibernate.org/dtd/hibernate-configuration-5.3.dtd">

<hibernate-configuration>
	<session-factory>
	
	<!-- Database Connection settings -->
	<property name="hibernate.connection.driver_class">com.mysql.cj.jdbc.Driver</property>
	<property name="hibernate.connection.url">jdbc:mysql://localhost:3306/hibernate</property>
	<property name="hibernate.connection.username">root</property>
	<property name="hibernate.connection.password">root</property>
	
	<!-- JDBC Connection pool -->
	<property name="connection.pool_size">10</property>
	
	<!-- SQL dialect -->
	<property name="hibernate.dialect">org.hibernate.dialect.MySQLDialect</property>
	
	<!-- Logging -->
	<property name="show_sql">true</property>
	
	<!-- Automatically create/update table -->
	<property name="hbm2ddl.auto">update</property>
	
	<mapping class="com.example.model.Student" />
	
	</session-factory>
</hibernate-configuration>